full_date,date_key,day,month,month_name,quarter,year,week
2014-01-03,20140103,3,1,January,1,2014,1
2014-01-04,20140104,4,1,January,1,2014,1
2014-01-05,20140105,5,1,January,1,2014,1
2014-01-06,20140106,6,1,January,1,2014,2
2014-01-07,20140107,7,1,January,1,2014,2
2014-01-08,20140108,8,1,January,1,2014,2
2014-01-09,20140109,9,1,January,1,2014,2
2014-01-10,20140110,10,1,January,1,2014,2
2014-01-11,20140111,11,1,January,1,2014,2
2014-01-12,20140112,12,1,January,1,2014,2
2014-01-13,20140113,13,1,January,1,2014,3
2014-01-14,20140114,14,1,January,1,2014,3
2014-01-15,20140115,15,1,January,1,2014,3
2014-01-16,20140116,16,1,January,1,2014,3
2014-01-17,20140117,17,1,January,1,2014,3
2014-01-18,20140118,18,1,January,1,2014,3
2014-01-19,20140119,19,1,January,1,2014,3
2014-01-20,20140120,20,1,January,1,2014,4
2014-01-21,20140121,21,1,January,1,2014,4
2014-01-22,20140122,22,1,January,1,2014,4
2014-01-23,20140123,23,1,January,1,2014,4
2014-01-24,20140124,24,1,January,1,2014,4
2014-01-25,20140125,25,1,January,1,2014,4
2014-01-26,20140126,26,1,January,1,2014,4
2014-01-27,20140127,27,1,January,1,2014,5
2014-01-28,20140128,28,1,January,1,2014,5
2014-01-29,20140129,29,1,January,1,2014,5
2014-01-30,20140130,30,1,January,1,2014,5
2014-01-31,20140131,31,1,January,1,2014,5
2014-02-01,20140201,1,2,February,1,2014,5
2014-02-02,20140202,2,2,February,1,2014,5
2014-02-03,20140203,3,2,February,1,2014,6
2014-02-04,20140204,4,2,February,1,2014,6
2014-02-05,20140205,5,2,February,1,2014,6
2014-02-06,20140206,6,2,February,1,2014,6
2014-02-07,20140207,7,2,February,1,2014,6
2014-02-08,20140208,8,2,February,1,2014,6
2014-02-09,20140209,9,2,February,1,2014,6
2014-02-10,20140210,10,2,February,1,2014,7
2014-02-11,20140211,11,2,February,1,2014,7
2014-02-12,20140212,12,2,February,1,2014,7
2014-02-13,20140213,13,2,February,1,2014,7
2014-02-14,20140214,14,2,February,1,2014,7
2014-02-15,20140215,15,2,February,1,2014,7
2014-02-16,20140216,16,2,February,1,2014,7
2014-02-17,20140217,17,2,February,1,2014,8
2014-02-18,20140218,18,2,February,1,2014,8
2014-02-19,20140219,19,2,February,1,2014,8
2014-02-20,20140220,20,2,February,1,2014,8
2014-02-21,20140221,21,2,February,1,2014,8
2014-02-22,20140222,22,2,February,1,2014,8
2014-02-23,20140223,23,2,February,1,2014,8
2014-02-24,20140224,24,2,February,1,2014,9
2014-02-25,20140225,25,2,February,1,2014,9
2014-02-26,20140226,26,2,February,1,2014,9
2014-02-27,20140227,27,2,February,1,2014,9
2014-02-28,20140228,28,2,February,1,2014,9
2014-03-01,20140301,1,3,March,1,2014,9
2014-03-02,20140302,2,3,March,1,2014,9
2014-03-03,20140303,3,3,March,1,2014,10
2014-03-04,20140304,4,3,March,1,2014,10
2014-03-05,20140305,5,3,March,1,2014,10
2014-03-06,20140306,6,3,March,1,2014,10
2014-03-07,20140307,7,3,March,1,2014,10
2014-03-08,20140308,8,3,March,1,2014,10
2014-03-09,20140309,9,3,March,1,2014,10
2014-03-10,20140310,10,3,March,1,2014,11
2014-03-11,20140311,11,3,March,1,2014,11
2014-03-12,20140312,12,3,March,1,2014,11
2014-03-13,20140313,13,3,March,1,2014,11
2014-03-14,20140314,14,3,March,1,2014,11
2014-03-15,20140315,15,3,March,1,2014,11
2014-03-16,20140316,16,3,March,1,2014,11
2014-03-17,20140317,17,3,March,1,2014,12
2014-03-18,20140318,18,3,March,1,2014,12
2014-03-19,20140319,19,3,March,1,2014,12
2014-03-20,20140320,20,3,March,1,2014,12
2014-03-21,20140321,21,3,March,1,2014,12
2014-03-22,20140322,22,3,March,1,2014,12
2014-03-23,20140323,23,3,March,1,2014,12
2014-03-24,20140324,24,3,March,1,2014,13
2014-03-25,20140325,25,3,March,1,2014,13
2014-03-26,20140326,26,3,March,1,2014,13
2014-03-27,20140327,27,3,March,1,2014,13
2014-03-28,20140328,28,3,March,1,2014,13
2014-03-29,20140329,29,3,March,1,2014,13
2014-03-30,20140330,30,3,March,1,2014,13
2014-03-31,20140331,31,3,March,1,2014,14
2014-04-01,20140401,1,4,April,2,2014,14
2014-04-02,20140402,2,4,April,2,2014,14
2014-04-03,20140403,3,4,April,2,2014,14
2014-04-04,20140404,4,4,April,2,2014,14
2014-04-05,20140405,5,4,April,2,2014,14
2014-04-06,20140406,6,4,April,2,2014,14
2014-04-07,20140407,7,4,April,2,2014,15
2014-04-08,20140408,8,4,April,2,2014,15
2014-04-09,20140409,9,4,April,2,2014,15
2014-04-10,20140410,10,4,April,2,2014,15
2014-04-11,20140411,11,4,April,2,2014,15
2014-04-12,20140412,12,4,April,2,2014,15
2014-04-13,20140413,13,4,April,2,2014,15
2014-04-14,20140414,14,4,April,2,2014,16
2014-04-15,20140415,15,4,April,2,2014,16
2014-04-16,20140416,16,4,April,2,2014,16
2014-04-17,20140417,17,4,April,2,2014,16
2014-04-18,20140418,18,4,April,2,2014,16
2014-04-19,20140419,19,4,April,2,2014,16
2014-04-20,20140420,20,4,April,2,2014,16
2014-04-21,20140421,21,4,April,2,2014,17
2014-04-22,20140422,22,4,April,2,2014,17
2014-04-23,20140423,23,4,April,2,2014,17
2014-04-24,20140424,24,4,April,2,2014,17
2014-04-25,20140425,25,4,April,2,2014,17
2014-04-26,20140426,26,4,April,2,2014,17
2014-04-27,20140427,27,4,April,2,2014,17
2014-04-28,20140428,28,4,April,2,2014,18
2014-04-29,20140429,29,4,April,2,2014,18
2014-04-30,20140430,30,4,April,2,2014,18
2014-05-01,20140501,1,5,May,2,2014,18
2014-05-02,20140502,2,5,May,2,2014,18
2014-05-03,20140503,3,5,May,2,2014,18
2014-05-04,20140504,4,5,May,2,2014,18
2014-05-05,20140505,5,5,May,2,2014,19
2014-05-06,20140506,6,5,May,2,2014,19
2014-05-07,20140507,7,5,May,2,2014,19
2014-05-08,20140508,8,5,May,2,2014,19
2014-05-09,20140509,9,5,May,2,2014,19
2014-05-10,20140510,10,5,May,2,2014,19
2014-05-11,20140511,11,5,May,2,2014,19
2014-05-12,20140512,12,5,May,2,2014,20
2014-05-13,20140513,13,5,May,2,2014,20
2014-05-14,20140514,14,5,May,2,2014,20
2014-05-15,20140515,15,5,May,2,2014,20
2014-05-16,20140516,16,5,May,2,2014,20
2014-05-17,20140517,17,5,May,2,2014,20
2014-05-18,20140518,18,5,May,2,2014,20
2014-05-19,20140519,19,5,May,2,2014,21
2014-05-20,20140520,20,5,May,2,2014,21
2014-05-21,20140521,21,5,May,2,2014,21
2014-05-22,20140522,22,5,May,2,2014,21
2014-05-23,20140523,23,5,May,2,2014,21
2014-05-24,20140524,24,5,May,2,2014,21
2014-05-25,20140525,25,5,May,2,2014,21
2014-05-26,20140526,26,5,May,2,2014,22
2014-05-27,20140527,27,5,May,2,2014,22
2014-05-28,20140528,28,5,May,2,2014,22
2014-05-29,20140529,29,5,May,2,2014,22
2014-05-30,20140530,30,5,May,2,2014,22
2014-05-31,20140531,31,5,May,2,2014,22
2014-06-01,20140601,1,6,June,2,2014,22
2014-06-02,20140602,2,6,June,2,2014,23
2014-06-03,20140603,3,6,June,2,2014,23
2014-06-04,20140604,4,6,June,2,2014,23
2014-06-05,20140605,5,6,June,2,2014,23
2014-06-06,20140606,6,6,June,2,2014,23
2014-06-07,20140607,7,6,June,2,2014,23
2014-06-08,20140608,8,6,June,2,2014,23
2014-06-09,20140609,9,6,June,2,2014,24
2014-06-10,20140610,10,6,June,2,2014,24
2014-06-11,20140611,11,6,June,2,2014,24
2014-06-12,20140612,12,6,June,2,2014,24
2014-06-13,20140613,13,6,June,2,2014,24
2014-06-14,20140614,14,6,June,2,2014,24
2014-06-15,20140615,15,6,June,2,2014,24
2014-06-16,20140616,16,6,June,2,2014,25
2014-06-17,20140617,17,6,June,2,2014,25
2014-06-18,20140618,18,6,June,2,2014,25
2014-06-19,20140619,19,6,June,2,2014,25
2014-06-20,20140620,20,6,June,2,2014,25
2014-06-21,20140621,21,6,June,2,2014,25
2014-06-22,20140622,22,6,June,2,2014,25
2014-06-23,20140623,23,6,June,2,2014,26
2014-06-24,20140624,24,6,June,2,2014,26
2014-06-25,20140625,25,6,June,2,2014,26
2014-06-26,20140626,26,6,June,2,2014,26
2014-06-27,20140627,27,6,June,2,2014,26
2014-06-28,20140628,28,6,June,2,2014,26
2014-06-29,20140629,29,6,June,2,2014,26
2014-06-30,20140630,30,6,June,2,2014,27
2014-07-01,20140701,1,7,July,3,2014,27
2014-07-02,20140702,2,7,July,3,2014,27
2014-07-03,20140703,3,7,July,3,2014,27
2014-07-04,20140704,4,7,July,3,2014,27
2014-07-05,20140705,5,7,July,3,2014,27
2014-07-06,20140706,6,7,July,3,2014,27
2014-07-07,20140707,7,7,July,3,2014,28
2014-07-08,20140708,8,7,July,3,2014,28
2014-07-09,20140709,9,7,July,3,2014,28
2014-07-10,20140710,10,7,July,3,2014,28
2014-07-11,20140711,11,7,July,3,2014,28
2014-07-12,20140712,12,7,July,3,2014,28
2014-07-13,20140713,13,7,July,3,2014,28
2014-07-14,20140714,14,7,July,3,2014,29
2014-07-15,20140715,15,7,July,3,2014,29
2014-07-16,20140716,16,7,July,3,2014,29
2014-07-17,20140717,17,7,July,3,2014,29
2014-07-18,20140718,18,7,July,3,2014,29
2014-07-19,20140719,19,7,July,3,2014,29
2014-07-20,20140720,20,7,July,3,2014,29
2014-07-21,20140721,21,7,July,3,2014,30
2014-07-22,20140722,22,7,July,3,2014,30
2014-07-23,20140723,23,7,July,3,2014,30
2014-07-24,20140724,24,7,July,3,2014,30
2014-07-25,20140725,25,7,July,3,2014,30
2014-07-26,20140726,26,7,July,3,2014,30
2014-07-27,20140727,27,7,July,3,2014,30
2014-07-28,20140728,28,7,July,3,2014,31
2014-07-29,20140729,29,7,July,3,2014,31
2014-07-30,20140730,30,7,July,3,2014,31
2014-07-31,20140731,31,7,July,3,2014,31
2014-08-01,20140801,1,8,August,3,2014,31
2014-08-02,20140802,2,8,August,3,2014,31
2014-08-03,20140803,3,8,August,3,2014,31
2014-08-04,20140804,4,8,August,3,2014,32
2014-08-05,20140805,5,8,August,3,2014,32
2014-08-06,20140806,6,8,August,3,2014,32
2014-08-07,20140807,7,8,August,3,2014,32
2014-08-08,20140808,8,8,August,3,2014,32
2014-08-09,20140809,9,8,August,3,2014,32
2014-08-10,20140810,10,8,August,3,2014,32
2014-08-11,20140811,11,8,August,3,2014,33
2014-08-12,20140812,12,8,August,3,2014,33
2014-08-13,20140813,13,8,August,3,2014,33
2014-08-14,20140814,14,8,August,3,2014,33
2014-08-15,20140815,15,8,August,3,2014,33
2014-08-16,20140816,16,8,August,3,2014,33
2014-08-17,20140817,17,8,August,3,2014,33
2014-08-18,20140818,18,8,August,3,2014,34
2014-08-19,20140819,19,8,August,3,2014,34
2014-08-20,20140820,20,8,August,3,2014,34
2014-08-21,20140821,21,8,August,3,2014,34
2014-08-22,20140822,22,8,August,3,2014,34
2014-08-23,20140823,23,8,August,3,2014,34
2014-08-24,20140824,24,8,August,3,2014,34
2014-08-25,20140825,25,8,August,3,2014,35
2014-08-26,20140826,26,8,August,3,2014,35
2014-08-27,20140827,27,8,August,3,2014,35
2014-08-28,20140828,28,8,August,3,2014,35
2014-08-29,20140829,29,8,August,3,2014,35
2014-08-30,20140830,30,8,August,3,2014,35
2014-08-31,20140831,31,8,August,3,2014,35
2014-09-01,20140901,1,9,September,3,2014,36
2014-09-02,20140902,2,9,September,3,2014,36
2014-09-03,20140903,3,9,September,3,2014,36
2014-09-04,20140904,4,9,September,3,2014,36
2014-09-05,20140905,5,9,September,3,2014,36
2014-09-06,20140906,6,9,September,3,2014,36
2014-09-07,20140907,7,9,September,3,2014,36
2014-09-08,20140908,8,9,September,3,2014,37
2014-09-09,20140909,9,9,September,3,2014,37
2014-09-10,20140910,10,9,September,3,2014,37
2014-09-11,20140911,11,9,September,3,2014,37
2014-09-12,20140912,12,9,September,3,2014,37
2014-09-13,20140913,13,9,September,3,2014,37
2014-09-14,20140914,14,9,September,3,2014,37
2014-09-15,20140915,15,9,September,3,2014,38
2014-09-16,20140916,16,9,September,3,2014,38
2014-09-17,20140917,17,9,September,3,2014,38
2014-09-18,20140918,18,9,September,3,2014,38
2014-09-19,20140919,19,9,September,3,2014,38
2014-09-20,20140920,20,9,September,3,2014,38
2014-09-21,20140921,21,9,September,3,2014,38
2014-09-22,20140922,22,9,September,3,2014,39
2014-09-23,20140923,23,9,September,3,2014,39
2014-09-24,20140924,24,9,September,3,2014,39
2014-09-25,20140925,25,9,September,3,2014,39
2014-09-26,20140926,26,9,September,3,2014,39
2014-09-27,20140927,27,9,September,3,2014,39
2014-09-28,20140928,28,9,September,3,2014,39
2014-09-29,20140929,29,9,September,3,2014,40
2014-09-30,20140930,30,9,September,3,2014,40
2014-10-01,20141001,1,10,October,4,2014,40
2014-10-02,20141002,2,10,October,4,2014,40
2014-10-03,20141003,3,10,October,4,2014,40
2014-10-04,20141004,4,10,October,4,2014,40
2014-10-05,20141005,5,10,October,4,2014,40
2014-10-06,20141006,6,10,October,4,2014,41
2014-10-07,20141007,7,10,October,4,2014,41
2014-10-08,20141008,8,10,October,4,2014,41
2014-10-09,20141009,9,10,October,4,2014,41
2014-10-10,20141010,10,10,October,4,2014,41
2014-10-11,20141011,11,10,October,4,2014,41
2014-10-12,20141012,12,10,October,4,2014,41
2014-10-13,20141013,13,10,October,4,2014,42
2014-10-14,20141014,14,10,October,4,2014,42
2014-10-15,20141015,15,10,October,4,2014,42
2014-10-16,20141016,16,10,October,4,2014,42
2014-10-17,20141017,17,10,October,4,2014,42
2014-10-18,20141018,18,10,October,4,2014,42
2014-10-19,20141019,19,10,October,4,2014,42
2014-10-20,20141020,20,10,October,4,2014,43
2014-10-21,20141021,21,10,October,4,2014,43
2014-10-22,20141022,22,10,October,4,2014,43
2014-10-23,20141023,23,10,October,4,2014,43
2014-10-24,20141024,24,10,October,4,2014,43
2014-10-25,20141025,25,10,October,4,2014,43
2014-10-26,20141026,26,10,October,4,2014,43
2014-10-27,20141027,27,10,October,4,2014,44
2014-10-28,20141028,28,10,October,4,2014,44
2014-10-29,20141029,29,10,October,4,2014,44
2014-10-30,20141030,30,10,October,4,2014,44
2014-10-31,20141031,31,10,October,4,2014,44
2014-11-01,20141101,1,11,November,4,2014,44
2014-11-02,20141102,2,11,November,4,2014,44
2014-11-03,20141103,3,11,November,4,2014,45
2014-11-04,20141104,4,11,November,4,2014,45
2014-11-05,20141105,5,11,November,4,2014,45
2014-11-06,20141106,6,11,November,4,2014,45
2014-11-07,20141107,7,11,November,4,2014,45
2014-11-08,20141108,8,11,November,4,2014,45
2014-11-09,20141109,9,11,November,4,2014,45
2014-11-10,20141110,10,11,November,4,2014,46
2014-11-11,20141111,11,11,November,4,2014,46
2014-11-12,20141112,12,11,November,4,2014,46
2014-11-13,20141113,13,11,November,4,2014,46
2014-11-14,20141114,14,11,November,4,2014,46
2014-11-15,20141115,15,11,November,4,2014,46
2014-11-16,20141116,16,11,November,4,2014,46
2014-11-17,20141117,17,11,November,4,2014,47
2014-11-18,20141118,18,11,November,4,2014,47
2014-11-19,20141119,19,11,November,4,2014,47
2014-11-20,20141120,20,11,November,4,2014,47
2014-11-21,20141121,21,11,November,4,2014,47
2014-11-22,20141122,22,11,November,4,2014,47
2014-11-23,20141123,23,11,November,4,2014,47
2014-11-24,20141124,24,11,November,4,2014,48
2014-11-25,20141125,25,11,November,4,2014,48
2014-11-26,20141126,26,11,November,4,2014,48
2014-11-27,20141127,27,11,November,4,2014,48
2014-11-28,20141128,28,11,November,4,2014,48
2014-11-29,20141129,29,11,November,4,2014,48
2014-11-30,20141130,30,11,November,4,2014,48
2014-12-01,20141201,1,12,December,4,2014,49
2014-12-02,20141202,2,12,December,4,2014,49
2014-12-03,20141203,3,12,December,4,2014,49
2014-12-04,20141204,4,12,December,4,2014,49
2014-12-05,20141205,5,12,December,4,2014,49
2014-12-06,20141206,6,12,December,4,2014,49
2014-12-07,20141207,7,12,December,4,2014,49
2014-12-08,20141208,8,12,December,4,2014,50
2014-12-09,20141209,9,12,December,4,2014,50
2014-12-10,20141210,10,12,December,4,2014,50
2014-12-11,20141211,11,12,December,4,2014,50
2014-12-12,20141212,12,12,December,4,2014,50
2014-12-13,20141213,13,12,December,4,2014,50
2014-12-14,20141214,14,12,December,4,2014,50
2014-12-15,20141215,15,12,December,4,2014,51
2014-12-16,20141216,16,12,December,4,2014,51
2014-12-17,20141217,17,12,December,4,2014,51
2014-12-18,20141218,18,12,December,4,2014,51
2014-12-19,20141219,19,12,December,4,2014,51
2014-12-20,20141220,20,12,December,4,2014,51
2014-12-21,20141221,21,12,December,4,2014,51
2014-12-22,20141222,22,12,December,4,2014,52
2014-12-23,20141223,23,12,December,4,2014,52
2014-12-24,20141224,24,12,December,4,2014,52
2014-12-25,20141225,25,12,December,4,2014,52
2014-12-26,20141226,26,12,December,4,2014,52
2014-12-27,20141227,27,12,December,4,2014,52
2014-12-28,20141228,28,12,December,4,2014,52
2014-12-29,20141229,29,12,December,4,2014,1
2014-12-30,20141230,30,12,December,4,2014,1
2014-12-31,20141231,31,12,December,4,2014,1
2015-01-01,20150101,1,1,January,1,2015,1
2015-01-02,20150102,2,1,January,1,2015,1
2015-01-03,20150103,3,1,January,1,2015,1
2015-01-04,20150104,4,1,January,1,2015,1
2015-01-05,20150105,5,1,January,1,2015,2
2015-01-06,20150106,6,1,January,1,2015,2
2015-01-07,20150107,7,1,January,1,2015,2
2015-01-08,20150108,8,1,January,1,2015,2
2015-01-09,20150109,9,1,January,1,2015,2
2015-01-10,20150110,10,1,January,1,2015,2
2015-01-11,20150111,11,1,January,1,2015,2
2015-01-12,20150112,12,1,January,1,2015,3
2015-01-13,20150113,13,1,January,1,2015,3
2015-01-14,20150114,14,1,January,1,2015,3
2015-01-15,20150115,15,1,January,1,2015,3
2015-01-16,20150116,16,1,January,1,2015,3
2015-01-17,20150117,17,1,January,1,2015,3
2015-01-18,20150118,18,1,January,1,2015,3
2015-01-19,20150119,19,1,January,1,2015,4
2015-01-20,20150120,20,1,January,1,2015,4
2015-01-21,20150121,21,1,January,1,2015,4
2015-01-22,20150122,22,1,January,1,2015,4
2015-01-23,20150123,23,1,January,1,2015,4
2015-01-24,20150124,24,1,January,1,2015,4
2015-01-25,20150125,25,1,January,1,2015,4
2015-01-26,20150126,26,1,January,1,2015,5
2015-01-27,20150127,27,1,January,1,2015,5
2015-01-28,20150128,28,1,January,1,2015,5
2015-01-29,20150129,29,1,January,1,2015,5
2015-01-30,20150130,30,1,January,1,2015,5
2015-01-31,20150131,31,1,January,1,2015,5
2015-02-01,20150201,1,2,February,1,2015,5
2015-02-02,20150202,2,2,February,1,2015,6
2015-02-03,20150203,3,2,February,1,2015,6
2015-02-04,20150204,4,2,February,1,2015,6
2015-02-05,20150205,5,2,February,1,2015,6
2015-02-06,20150206,6,2,February,1,2015,6
2015-02-07,20150207,7,2,February,1,2015,6
2015-02-08,20150208,8,2,February,1,2015,6
2015-02-09,20150209,9,2,February,1,2015,7
2015-02-10,20150210,10,2,February,1,2015,7
2015-02-11,20150211,11,2,February,1,2015,7
2015-02-12,20150212,12,2,February,1,2015,7
2015-02-13,20150213,13,2,February,1,2015,7
2015-02-14,20150214,14,2,February,1,2015,7
2015-02-15,20150215,15,2,February,1,2015,7
2015-02-16,20150216,16,2,February,1,2015,8
2015-02-17,20150217,17,2,February,1,2015,8
2015-02-18,20150218,18,2,February,1,2015,8
2015-02-19,20150219,19,2,February,1,2015,8
2015-02-20,20150220,20,2,February,1,2015,8
2015-02-21,20150221,21,2,February,1,2015,8
2015-02-22,20150222,22,2,February,1,2015,8
2015-02-23,20150223,23,2,February,1,2015,9
2015-02-24,20150224,24,2,February,1,2015,9
2015-02-25,20150225,25,2,February,1,2015,9
2015-02-26,20150226,26,2,February,1,2015,9
2015-02-27,20150227,27,2,February,1,2015,9
2015-02-28,20150228,28,2,February,1,2015,9
2015-03-01,20150301,1,3,March,1,2015,9
2015-03-02,20150302,2,3,March,1,2015,10
2015-03-03,20150303,3,3,March,1,2015,10
2015-03-04,20150304,4,3,March,1,2015,10
2015-03-05,20150305,5,3,March,1,2015,10
2015-03-06,20150306,6,3,March,1,2015,10
2015-03-07,20150307,7,3,March,1,2015,10
2015-03-08,20150308,8,3,March,1,2015,10
2015-03-09,20150309,9,3,March,1,2015,11
2015-03-10,20150310,10,3,March,1,2015,11
2015-03-11,20150311,11,3,March,1,2015,11
2015-03-12,20150312,12,3,March,1,2015,11
2015-03-13,20150313,13,3,March,1,2015,11
2015-03-14,20150314,14,3,March,1,2015,11
2015-03-15,20150315,15,3,March,1,2015,11
2015-03-16,20150316,16,3,March,1,2015,12
2015-03-17,20150317,17,3,March,1,2015,12
2015-03-18,20150318,18,3,March,1,2015,12
2015-03-19,20150319,19,3,March,1,2015,12
2015-03-20,20150320,20,3,March,1,2015,12
2015-03-21,20150321,21,3,March,1,2015,12
2015-03-22,20150322,22,3,March,1,2015,12
2015-03-23,20150323,23,3,March,1,2015,13
2015-03-24,20150324,24,3,March,1,2015,13
2015-03-25,20150325,25,3,March,1,2015,13
2015-03-26,20150326,26,3,March,1,2015,13
2015-03-27,20150327,27,3,March,1,2015,13
2015-03-28,20150328,28,3,March,1,2015,13
2015-03-29,20150329,29,3,March,1,2015,13
2015-03-30,20150330,30,3,March,1,2015,14
2015-03-31,20150331,31,3,March,1,2015,14
2015-04-01,20150401,1,4,April,2,2015,14
2015-04-02,20150402,2,4,April,2,2015,14
2015-04-03,20150403,3,4,April,2,2015,14
2015-04-04,20150404,4,4,April,2,2015,14
2015-04-05,20150405,5,4,April,2,2015,14
2015-04-06,20150406,6,4,April,2,2015,15
2015-04-07,20150407,7,4,April,2,2015,15
2015-04-08,20150408,8,4,April,2,2015,15
2015-04-09,20150409,9,4,April,2,2015,15
2015-04-10,20150410,10,4,April,2,2015,15
2015-04-11,20150411,11,4,April,2,2015,15
2015-04-12,20150412,12,4,April,2,2015,15
2015-04-13,20150413,13,4,April,2,2015,16
2015-04-14,20150414,14,4,April,2,2015,16
2015-04-15,20150415,15,4,April,2,2015,16
2015-04-16,20150416,16,4,April,2,2015,16
2015-04-17,20150417,17,4,April,2,2015,16
2015-04-18,20150418,18,4,April,2,2015,16
2015-04-19,20150419,19,4,April,2,2015,16
2015-04-20,20150420,20,4,April,2,2015,17
2015-04-21,20150421,21,4,April,2,2015,17
2015-04-22,20150422,22,4,April,2,2015,17
2015-04-23,20150423,23,4,April,2,2015,17
2015-04-24,20150424,24,4,April,2,2015,17
2015-04-25,20150425,25,4,April,2,2015,17
2015-04-26,20150426,26,4,April,2,2015,17
2015-04-27,20150427,27,4,April,2,2015,18
2015-04-28,20150428,28,4,April,2,2015,18
2015-04-29,20150429,29,4,April,2,2015,18
2015-04-30,20150430,30,4,April,2,2015,18
2015-05-01,20150501,1,5,May,2,2015,18
2015-05-02,20150502,2,5,May,2,2015,18
2015-05-03,20150503,3,5,May,2,2015,18
2015-05-04,20150504,4,5,May,2,2015,19
2015-05-05,20150505,5,5,May,2,2015,19
2015-05-06,20150506,6,5,May,2,2015,19
2015-05-07,20150507,7,5,May,2,2015,19
2015-05-08,20150508,8,5,May,2,2015,19
2015-05-09,20150509,9,5,May,2,2015,19
2015-05-10,20150510,10,5,May,2,2015,19
2015-05-11,20150511,11,5,May,2,2015,20
2015-05-12,20150512,12,5,May,2,2015,20
2015-05-13,20150513,13,5,May,2,2015,20
2015-05-14,20150514,14,5,May,2,2015,20
2015-05-15,20150515,15,5,May,2,2015,20
2015-05-16,20150516,16,5,May,2,2015,20
2015-05-17,20150517,17,5,May,2,2015,20
2015-05-18,20150518,18,5,May,2,2015,21
2015-05-19,20150519,19,5,May,2,2015,21
2015-05-20,20150520,20,5,May,2,2015,21
2015-05-21,20150521,21,5,May,2,2015,21
2015-05-22,20150522,22,5,May,2,2015,21
2015-05-23,20150523,23,5,May,2,2015,21
2015-05-24,20150524,24,5,May,2,2015,21
2015-05-25,20150525,25,5,May,2,2015,22
2015-05-26,20150526,26,5,May,2,2015,22
2015-05-27,20150527,27,5,May,2,2015,22
2015-05-28,20150528,28,5,May,2,2015,22
2015-05-29,20150529,29,5,May,2,2015,22
2015-05-30,20150530,30,5,May,2,2015,22
2015-05-31,20150531,31,5,May,2,2015,22
2015-06-01,20150601,1,6,June,2,2015,23
2015-06-02,20150602,2,6,June,2,2015,23
2015-06-03,20150603,3,6,June,2,2015,23
2015-06-04,20150604,4,6,June,2,2015,23
2015-06-05,20150605,5,6,June,2,2015,23
2015-06-06,20150606,6,6,June,2,2015,23
2015-06-07,20150607,7,6,June,2,2015,23
2015-06-08,20150608,8,6,June,2,2015,24
2015-06-09,20150609,9,6,June,2,2015,24
2015-06-10,20150610,10,6,June,2,2015,24
2015-06-11,20150611,11,6,June,2,2015,24
2015-06-12,20150612,12,6,June,2,2015,24
2015-06-13,20150613,13,6,June,2,2015,24
2015-06-14,20150614,14,6,June,2,2015,24
2015-06-15,20150615,15,6,June,2,2015,25
2015-06-16,20150616,16,6,June,2,2015,25
2015-06-17,20150617,17,6,June,2,2015,25
2015-06-18,20150618,18,6,June,2,2015,25
2015-06-19,20150619,19,6,June,2,2015,25
2015-06-20,20150620,20,6,June,2,2015,25
2015-06-21,20150621,21,6,June,2,2015,25
2015-06-22,20150622,22,6,June,2,2015,26
2015-06-23,20150623,23,6,June,2,2015,26
2015-06-24,20150624,24,6,June,2,2015,26
2015-06-25,20150625,25,6,June,2,2015,26
2015-06-26,20150626,26,6,June,2,2015,26
2015-06-27,20150627,27,6,June,2,2015,26
2015-06-28,20150628,28,6,June,2,2015,26
2015-06-29,20150629,29,6,June,2,2015,27
2015-06-30,20150630,30,6,June,2,2015,27
2015-07-01,20150701,1,7,July,3,2015,27
2015-07-02,20150702,2,7,July,3,2015,27
2015-07-03,20150703,3,7,July,3,2015,27
2015-07-04,20150704,4,7,July,3,2015,27
2015-07-05,20150705,5,7,July,3,2015,27
2015-07-06,20150706,6,7,July,3,2015,28
2015-07-07,20150707,7,7,July,3,2015,28
2015-07-08,20150708,8,7,July,3,2015,28
2015-07-09,20150709,9,7,July,3,2015,28
2015-07-10,20150710,10,7,July,3,2015,28
2015-07-11,20150711,11,7,July,3,2015,28
2015-07-12,20150712,12,7,July,3,2015,28
2015-07-13,20150713,13,7,July,3,2015,29
2015-07-14,20150714,14,7,July,3,2015,29
2015-07-15,20150715,15,7,July,3,2015,29
2015-07-16,20150716,16,7,July,3,2015,29
2015-07-17,20150717,17,7,July,3,2015,29
2015-07-18,20150718,18,7,July,3,2015,29
2015-07-19,20150719,19,7,July,3,2015,29
2015-07-20,20150720,20,7,July,3,2015,30
2015-07-21,20150721,21,7,July,3,2015,30
2015-07-22,20150722,22,7,July,3,2015,30
2015-07-23,20150723,23,7,July,3,2015,30
2015-07-24,20150724,24,7,July,3,2015,30
2015-07-25,20150725,25,7,July,3,2015,30
2015-07-26,20150726,26,7,July,3,2015,30
2015-07-27,20150727,27,7,July,3,2015,31
2015-07-28,20150728,28,7,July,3,2015,31
2015-07-29,20150729,29,7,July,3,2015,31
2015-07-30,20150730,30,7,July,3,2015,31
2015-07-31,20150731,31,7,July,3,2015,31
2015-08-01,20150801,1,8,August,3,2015,31
2015-08-02,20150802,2,8,August,3,2015,31
2015-08-03,20150803,3,8,August,3,2015,32
2015-08-04,20150804,4,8,August,3,2015,32
2015-08-05,20150805,5,8,August,3,2015,32
2015-08-06,20150806,6,8,August,3,2015,32
2015-08-07,20150807,7,8,August,3,2015,32
2015-08-08,20150808,8,8,August,3,2015,32
2015-08-09,20150809,9,8,August,3,2015,32
2015-08-10,20150810,10,8,August,3,2015,33
2015-08-11,20150811,11,8,August,3,2015,33
2015-08-12,20150812,12,8,August,3,2015,33
2015-08-13,20150813,13,8,August,3,2015,33
2015-08-14,20150814,14,8,August,3,2015,33
2015-08-15,20150815,15,8,August,3,2015,33
2015-08-16,20150816,16,8,August,3,2015,33
2015-08-17,20150817,17,8,August,3,2015,34
2015-08-18,20150818,18,8,August,3,2015,34
2015-08-19,20150819,19,8,August,3,2015,34
2015-08-20,20150820,20,8,August,3,2015,34
2015-08-21,20150821,21,8,August,3,2015,34
2015-08-22,20150822,22,8,August,3,2015,34
2015-08-23,20150823,23,8,August,3,2015,34
2015-08-24,20150824,24,8,August,3,2015,35
2015-08-25,20150825,25,8,August,3,2015,35
2015-08-26,20150826,26,8,August,3,2015,35
2015-08-27,20150827,27,8,August,3,2015,35
2015-08-28,20150828,28,8,August,3,2015,35
2015-08-29,20150829,29,8,August,3,2015,35
2015-08-30,20150830,30,8,August,3,2015,35
2015-08-31,20150831,31,8,August,3,2015,36
2015-09-01,20150901,1,9,September,3,2015,36
2015-09-02,20150902,2,9,September,3,2015,36
2015-09-03,20150903,3,9,September,3,2015,36
2015-09-04,20150904,4,9,September,3,2015,36
2015-09-05,20150905,5,9,September,3,2015,36
2015-09-06,20150906,6,9,September,3,2015,36
2015-09-07,20150907,7,9,September,3,2015,37
2015-09-08,20150908,8,9,September,3,2015,37
2015-09-09,20150909,9,9,September,3,2015,37
2015-09-10,20150910,10,9,September,3,2015,37
2015-09-11,20150911,11,9,September,3,2015,37
2015-09-12,20150912,12,9,September,3,2015,37
2015-09-13,20150913,13,9,September,3,2015,37
2015-09-14,20150914,14,9,September,3,2015,38
2015-09-15,20150915,15,9,September,3,2015,38
2015-09-16,20150916,16,9,September,3,2015,38
2015-09-17,20150917,17,9,September,3,2015,38
2015-09-18,20150918,18,9,September,3,2015,38
2015-09-19,20150919,19,9,September,3,2015,38
2015-09-20,20150920,20,9,September,3,2015,38
2015-09-21,20150921,21,9,September,3,2015,39
2015-09-22,20150922,22,9,September,3,2015,39
2015-09-23,20150923,23,9,September,3,2015,39
2015-09-24,20150924,24,9,September,3,2015,39
2015-09-25,20150925,25,9,September,3,2015,39
2015-09-26,20150926,26,9,September,3,2015,39
2015-09-27,20150927,27,9,September,3,2015,39
2015-09-28,20150928,28,9,September,3,2015,40
2015-09-29,20150929,29,9,September,3,2015,40
2015-09-30,20150930,30,9,September,3,2015,40
2015-10-01,20151001,1,10,October,4,2015,40
2015-10-02,20151002,2,10,October,4,2015,40
2015-10-03,20151003,3,10,October,4,2015,40
2015-10-04,20151004,4,10,October,4,2015,40
2015-10-05,20151005,5,10,October,4,2015,41
2015-10-06,20151006,6,10,October,4,2015,41
2015-10-07,20151007,7,10,October,4,2015,41
2015-10-08,20151008,8,10,October,4,2015,41
2015-10-09,20151009,9,10,October,4,2015,41
2015-10-10,20151010,10,10,October,4,2015,41
2015-10-11,20151011,11,10,October,4,2015,41
2015-10-12,20151012,12,10,October,4,2015,42
2015-10-13,20151013,13,10,October,4,2015,42
2015-10-14,20151014,14,10,October,4,2015,42
2015-10-15,20151015,15,10,October,4,2015,42
2015-10-16,20151016,16,10,October,4,2015,42
2015-10-17,20151017,17,10,October,4,2015,42
2015-10-18,20151018,18,10,October,4,2015,42
2015-10-19,20151019,19,10,October,4,2015,43
2015-10-20,20151020,20,10,October,4,2015,43
2015-10-21,20151021,21,10,October,4,2015,43
2015-10-22,20151022,22,10,October,4,2015,43
2015-10-23,20151023,23,10,October,4,2015,43
2015-10-24,20151024,24,10,October,4,2015,43
2015-10-25,20151025,25,10,October,4,2015,43
2015-10-26,20151026,26,10,October,4,2015,44
2015-10-27,20151027,27,10,October,4,2015,44
2015-10-28,20151028,28,10,October,4,2015,44
2015-10-29,20151029,29,10,October,4,2015,44
2015-10-30,20151030,30,10,October,4,2015,44
2015-10-31,20151031,31,10,October,4,2015,44
2015-11-01,20151101,1,11,November,4,2015,44
2015-11-02,20151102,2,11,November,4,2015,45
2015-11-03,20151103,3,11,November,4,2015,45
2015-11-04,20151104,4,11,November,4,2015,45
2015-11-05,20151105,5,11,November,4,2015,45
2015-11-06,20151106,6,11,November,4,2015,45
2015-11-07,20151107,7,11,November,4,2015,45
2015-11-08,20151108,8,11,November,4,2015,45
2015-11-09,20151109,9,11,November,4,2015,46
2015-11-10,20151110,10,11,November,4,2015,46
2015-11-11,20151111,11,11,November,4,2015,46
2015-11-12,20151112,12,11,November,4,2015,46
2015-11-13,20151113,13,11,November,4,2015,46
2015-11-14,20151114,14,11,November,4,2015,46
2015-11-15,20151115,15,11,November,4,2015,46
2015-11-16,20151116,16,11,November,4,2015,47
2015-11-17,20151117,17,11,November,4,2015,47
2015-11-18,20151118,18,11,November,4,2015,47
2015-11-19,20151119,19,11,November,4,2015,47
2015-11-20,20151120,20,11,November,4,2015,47
2015-11-21,20151121,21,11,November,4,2015,47
2015-11-22,20151122,22,11,November,4,2015,47
2015-11-23,20151123,23,11,November,4,2015,48
2015-11-24,20151124,24,11,November,4,2015,48
2015-11-25,20151125,25,11,November,4,2015,48
2015-11-26,20151126,26,11,November,4,2015,48
2015-11-27,20151127,27,11,November,4,2015,48
2015-11-28,20151128,28,11,November,4,2015,48
2015-11-29,20151129,29,11,November,4,2015,48
2015-11-30,20151130,30,11,November,4,2015,49
2015-12-01,20151201,1,12,December,4,2015,49
2015-12-02,20151202,2,12,December,4,2015,49
2015-12-03,20151203,3,12,December,4,2015,49
2015-12-04,20151204,4,12,December,4,2015,49
2015-12-05,20151205,5,12,December,4,2015,49
2015-12-06,20151206,6,12,December,4,2015,49
2015-12-07,20151207,7,12,December,4,2015,50
2015-12-08,20151208,8,12,December,4,2015,50
2015-12-09,20151209,9,12,December,4,2015,50
2015-12-10,20151210,10,12,December,4,2015,50
2015-12-11,20151211,11,12,December,4,2015,50
2015-12-12,20151212,12,12,December,4,2015,50
2015-12-13,20151213,13,12,December,4,2015,50
2015-12-14,20151214,14,12,December,4,2015,51
2015-12-15,20151215,15,12,December,4,2015,51
2015-12-16,20151216,16,12,December,4,2015,51
2015-12-17,20151217,17,12,December,4,2015,51
2015-12-18,20151218,18,12,December,4,2015,51
2015-12-19,20151219,19,12,December,4,2015,51
2015-12-20,20151220,20,12,December,4,2015,51
2015-12-21,20151221,21,12,December,4,2015,52
2015-12-22,20151222,22,12,December,4,2015,52
2015-12-23,20151223,23,12,December,4,2015,52
2015-12-24,20151224,24,12,December,4,2015,52
2015-12-25,20151225,25,12,December,4,2015,52
2015-12-26,20151226,26,12,December,4,2015,52
2015-12-27,20151227,27,12,December,4,2015,52
2015-12-28,20151228,28,12,December,4,2015,53
2015-12-29,20151229,29,12,December,4,2015,53
2015-12-30,20151230,30,12,December,4,2015,53
2015-12-31,20151231,31,12,December,4,2015,53
2016-01-01,20160101,1,1,January,1,2016,53
2016-01-02,20160102,2,1,January,1,2016,53
2016-01-03,20160103,3,1,January,1,2016,53
2016-01-04,20160104,4,1,January,1,2016,1
2016-01-05,20160105,5,1,January,1,2016,1
2016-01-06,20160106,6,1,January,1,2016,1
2016-01-07,20160107,7,1,January,1,2016,1
2016-01-08,20160108,8,1,January,1,2016,1
2016-01-09,20160109,9,1,January,1,2016,1
2016-01-10,20160110,10,1,January,1,2016,1
2016-01-11,20160111,11,1,January,1,2016,2
2016-01-12,20160112,12,1,January,1,2016,2
2016-01-13,20160113,13,1,January,1,2016,2
2016-01-14,20160114,14,1,January,1,2016,2
2016-01-15,20160115,15,1,January,1,2016,2
2016-01-16,20160116,16,1,January,1,2016,2
2016-01-17,20160117,17,1,January,1,2016,2
2016-01-18,20160118,18,1,January,1,2016,3
2016-01-19,20160119,19,1,January,1,2016,3
2016-01-20,20160120,20,1,January,1,2016,3
2016-01-21,20160121,21,1,January,1,2016,3
2016-01-22,20160122,22,1,January,1,2016,3
2016-01-23,20160123,23,1,January,1,2016,3
2016-01-24,20160124,24,1,January,1,2016,3
2016-01-25,20160125,25,1,January,1,2016,4
2016-01-26,20160126,26,1,January,1,2016,4
2016-01-27,20160127,27,1,January,1,2016,4
2016-01-28,20160128,28,1,January,1,2016,4
2016-01-29,20160129,29,1,January,1,2016,4
2016-01-30,20160130,30,1,January,1,2016,4
2016-01-31,20160131,31,1,January,1,2016,4
2016-02-01,20160201,1,2,February,1,2016,5
2016-02-02,20160202,2,2,February,1,2016,5
2016-02-03,20160203,3,2,February,1,2016,5
2016-02-04,20160204,4,2,February,1,2016,5
2016-02-05,20160205,5,2,February,1,2016,5
2016-02-06,20160206,6,2,February,1,2016,5
2016-02-07,20160207,7,2,February,1,2016,5
2016-02-08,20160208,8,2,February,1,2016,6
2016-02-09,20160209,9,2,February,1,2016,6
2016-02-10,20160210,10,2,February,1,2016,6
2016-02-11,20160211,11,2,February,1,2016,6
2016-02-12,20160212,12,2,February,1,2016,6
2016-02-13,20160213,13,2,February,1,2016,6
2016-02-14,20160214,14,2,February,1,2016,6
2016-02-15,20160215,15,2,February,1,2016,7
2016-02-16,20160216,16,2,February,1,2016,7
2016-02-17,20160217,17,2,February,1,2016,7
2016-02-18,20160218,18,2,February,1,2016,7
2016-02-19,20160219,19,2,February,1,2016,7
2016-02-20,20160220,20,2,February,1,2016,7
2016-02-21,20160221,21,2,February,1,2016,7
2016-02-22,20160222,22,2,February,1,2016,8
2016-02-23,20160223,23,2,February,1,2016,8
2016-02-24,20160224,24,2,February,1,2016,8
2016-02-25,20160225,25,2,February,1,2016,8
2016-02-26,20160226,26,2,February,1,2016,8
2016-02-27,20160227,27,2,February,1,2016,8
2016-02-28,20160228,28,2,February,1,2016,8
2016-02-29,20160229,29,2,February,1,2016,9
2016-03-01,20160301,1,3,March,1,2016,9
2016-03-02,20160302,2,3,March,1,2016,9
2016-03-03,20160303,3,3,March,1,2016,9
2016-03-04,20160304,4,3,March,1,2016,9
2016-03-05,20160305,5,3,March,1,2016,9
2016-03-06,20160306,6,3,March,1,2016,9
2016-03-07,20160307,7,3,March,1,2016,10
2016-03-08,20160308,8,3,March,1,2016,10
2016-03-09,20160309,9,3,March,1,2016,10
2016-03-10,20160310,10,3,March,1,2016,10
2016-03-11,20160311,11,3,March,1,2016,10
2016-03-12,20160312,12,3,March,1,2016,10
2016-03-13,20160313,13,3,March,1,2016,10
2016-03-14,20160314,14,3,March,1,2016,11
2016-03-15,20160315,15,3,March,1,2016,11
2016-03-16,20160316,16,3,March,1,2016,11
2016-03-17,20160317,17,3,March,1,2016,11
2016-03-18,20160318,18,3,March,1,2016,11
2016-03-19,20160319,19,3,March,1,2016,11
2016-03-20,20160320,20,3,March,1,2016,11
2016-03-21,20160321,21,3,March,1,2016,12
2016-03-22,20160322,22,3,March,1,2016,12
2016-03-23,20160323,23,3,March,1,2016,12
2016-03-24,20160324,24,3,March,1,2016,12
2016-03-25,20160325,25,3,March,1,2016,12
2016-03-26,20160326,26,3,March,1,2016,12
2016-03-27,20160327,27,3,March,1,2016,12
2016-03-28,20160328,28,3,March,1,2016,13
2016-03-29,20160329,29,3,March,1,2016,13
2016-03-30,20160330,30,3,March,1,2016,13
2016-03-31,20160331,31,3,March,1,2016,13
2016-04-01,20160401,1,4,April,2,2016,13
2016-04-02,20160402,2,4,April,2,2016,13
2016-04-03,20160403,3,4,April,2,2016,13
2016-04-04,20160404,4,4,April,2,2016,14
2016-04-05,20160405,5,4,April,2,2016,14
2016-04-06,20160406,6,4,April,2,2016,14
2016-04-07,20160407,7,4,April,2,2016,14
2016-04-08,20160408,8,4,April,2,2016,14
2016-04-09,20160409,9,4,April,2,2016,14
2016-04-10,20160410,10,4,April,2,2016,14
2016-04-11,20160411,11,4,April,2,2016,15
2016-04-12,20160412,12,4,April,2,2016,15
2016-04-13,20160413,13,4,April,2,2016,15
2016-04-14,20160414,14,4,April,2,2016,15
2016-04-15,20160415,15,4,April,2,2016,15
2016-04-16,20160416,16,4,April,2,2016,15
2016-04-17,20160417,17,4,April,2,2016,15
2016-04-18,20160418,18,4,April,2,2016,16
2016-04-19,20160419,19,4,April,2,2016,16
2016-04-20,20160420,20,4,April,2,2016,16
2016-04-21,20160421,21,4,April,2,2016,16
2016-04-22,20160422,22,4,April,2,2016,16
2016-04-23,20160423,23,4,April,2,2016,16
2016-04-24,20160424,24,4,April,2,2016,16
2016-04-25,20160425,25,4,April,2,2016,17
2016-04-26,20160426,26,4,April,2,2016,17
2016-04-27,20160427,27,4,April,2,2016,17
2016-04-28,20160428,28,4,April,2,2016,17
2016-04-29,20160429,29,4,April,2,2016,17
2016-04-30,20160430,30,4,April,2,2016,17
2016-05-01,20160501,1,5,May,2,2016,17
2016-05-02,20160502,2,5,May,2,2016,18
2016-05-03,20160503,3,5,May,2,2016,18
2016-05-04,20160504,4,5,May,2,2016,18
2016-05-05,20160505,5,5,May,2,2016,18
2016-05-06,20160506,6,5,May,2,2016,18
2016-05-07,20160507,7,5,May,2,2016,18
2016-05-08,20160508,8,5,May,2,2016,18
2016-05-09,20160509,9,5,May,2,2016,19
2016-05-10,20160510,10,5,May,2,2016,19
2016-05-11,20160511,11,5,May,2,2016,19
2016-05-12,20160512,12,5,May,2,2016,19
2016-05-13,20160513,13,5,May,2,2016,19
2016-05-14,20160514,14,5,May,2,2016,19
2016-05-15,20160515,15,5,May,2,2016,19
2016-05-16,20160516,16,5,May,2,2016,20
2016-05-17,20160517,17,5,May,2,2016,20
2016-05-18,20160518,18,5,May,2,2016,20
2016-05-19,20160519,19,5,May,2,2016,20
2016-05-20,20160520,20,5,May,2,2016,20
2016-05-21,20160521,21,5,May,2,2016,20
2016-05-22,20160522,22,5,May,2,2016,20
2016-05-23,20160523,23,5,May,2,2016,21
2016-05-24,20160524,24,5,May,2,2016,21
2016-05-25,20160525,25,5,May,2,2016,21
2016-05-26,20160526,26,5,May,2,2016,21
2016-05-27,20160527,27,5,May,2,2016,21
2016-05-28,20160528,28,5,May,2,2016,21
2016-05-29,20160529,29,5,May,2,2016,21
2016-05-30,20160530,30,5,May,2,2016,22
2016-05-31,20160531,31,5,May,2,2016,22
2016-06-01,20160601,1,6,June,2,2016,22
2016-06-02,20160602,2,6,June,2,2016,22
2016-06-03,20160603,3,6,June,2,2016,22
2016-06-04,20160604,4,6,June,2,2016,22
2016-06-05,20160605,5,6,June,2,2016,22
2016-06-06,20160606,6,6,June,2,2016,23
2016-06-07,20160607,7,6,June,2,2016,23
2016-06-08,20160608,8,6,June,2,2016,23
2016-06-09,20160609,9,6,June,2,2016,23
2016-06-10,20160610,10,6,June,2,2016,23
2016-06-11,20160611,11,6,June,2,2016,23
2016-06-12,20160612,12,6,June,2,2016,23
2016-06-13,20160613,13,6,June,2,2016,24
2016-06-14,20160614,14,6,June,2,2016,24
2016-06-15,20160615,15,6,June,2,2016,24
2016-06-16,20160616,16,6,June,2,2016,24
2016-06-17,20160617,17,6,June,2,2016,24
2016-06-18,20160618,18,6,June,2,2016,24
2016-06-19,20160619,19,6,June,2,2016,24
2016-06-20,20160620,20,6,June,2,2016,25
2016-06-21,20160621,21,6,June,2,2016,25
2016-06-22,20160622,22,6,June,2,2016,25
2016-06-23,20160623,23,6,June,2,2016,25
2016-06-24,20160624,24,6,June,2,2016,25
2016-06-25,20160625,25,6,June,2,2016,25
2016-06-26,20160626,26,6,June,2,2016,25
2016-06-27,20160627,27,6,June,2,2016,26
2016-06-28,20160628,28,6,June,2,2016,26
2016-06-29,20160629,29,6,June,2,2016,26
2016-06-30,20160630,30,6,June,2,2016,26
2016-07-01,20160701,1,7,July,3,2016,26
2016-07-02,20160702,2,7,July,3,2016,26
2016-07-03,20160703,3,7,July,3,2016,26
2016-07-04,20160704,4,7,July,3,2016,27
2016-07-05,20160705,5,7,July,3,2016,27
2016-07-06,20160706,6,7,July,3,2016,27
2016-07-07,20160707,7,7,July,3,2016,27
2016-07-08,20160708,8,7,July,3,2016,27
2016-07-09,20160709,9,7,July,3,2016,27
2016-07-10,20160710,10,7,July,3,2016,27
2016-07-11,20160711,11,7,July,3,2016,28
2016-07-12,20160712,12,7,July,3,2016,28
2016-07-13,20160713,13,7,July,3,2016,28
2016-07-14,20160714,14,7,July,3,2016,28
2016-07-15,20160715,15,7,July,3,2016,28
2016-07-16,20160716,16,7,July,3,2016,28
2016-07-17,20160717,17,7,July,3,2016,28
2016-07-18,20160718,18,7,July,3,2016,29
2016-07-19,20160719,19,7,July,3,2016,29
2016-07-20,20160720,20,7,July,3,2016,29
2016-07-21,20160721,21,7,July,3,2016,29
2016-07-22,20160722,22,7,July,3,2016,29
2016-07-23,20160723,23,7,July,3,2016,29
2016-07-24,20160724,24,7,July,3,2016,29
2016-07-25,20160725,25,7,July,3,2016,30
2016-07-26,20160726,26,7,July,3,2016,30
2016-07-27,20160727,27,7,July,3,2016,30
2016-07-28,20160728,28,7,July,3,2016,30
2016-07-29,20160729,29,7,July,3,2016,30
2016-07-30,20160730,30,7,July,3,2016,30
2016-07-31,20160731,31,7,July,3,2016,30
2016-08-01,20160801,1,8,August,3,2016,31
2016-08-02,20160802,2,8,August,3,2016,31
2016-08-03,20160803,3,8,August,3,2016,31
2016-08-04,20160804,4,8,August,3,2016,31
2016-08-05,20160805,5,8,August,3,2016,31
2016-08-06,20160806,6,8,August,3,2016,31
2016-08-07,20160807,7,8,August,3,2016,31
2016-08-08,20160808,8,8,August,3,2016,32
2016-08-09,20160809,9,8,August,3,2016,32
2016-08-10,20160810,10,8,August,3,2016,32
2016-08-11,20160811,11,8,August,3,2016,32
2016-08-12,20160812,12,8,August,3,2016,32
2016-08-13,20160813,13,8,August,3,2016,32
2016-08-14,20160814,14,8,August,3,2016,32
2016-08-15,20160815,15,8,August,3,2016,33
2016-08-16,20160816,16,8,August,3,2016,33
2016-08-17,20160817,17,8,August,3,2016,33
2016-08-18,20160818,18,8,August,3,2016,33
2016-08-19,20160819,19,8,August,3,2016,33
2016-08-20,20160820,20,8,August,3,2016,33
2016-08-21,20160821,21,8,August,3,2016,33
2016-08-22,20160822,22,8,August,3,2016,34
2016-08-23,20160823,23,8,August,3,2016,34
2016-08-24,20160824,24,8,August,3,2016,34
2016-08-25,20160825,25,8,August,3,2016,34
2016-08-26,20160826,26,8,August,3,2016,34
2016-08-27,20160827,27,8,August,3,2016,34
2016-08-28,20160828,28,8,August,3,2016,34
2016-08-29,20160829,29,8,August,3,2016,35
2016-08-30,20160830,30,8,August,3,2016,35
2016-08-31,20160831,31,8,August,3,2016,35
2016-09-01,20160901,1,9,September,3,2016,35
2016-09-02,20160902,2,9,September,3,2016,35
2016-09-03,20160903,3,9,September,3,2016,35
2016-09-04,20160904,4,9,September,3,2016,35
2016-09-05,20160905,5,9,September,3,2016,36
2016-09-06,20160906,6,9,September,3,2016,36
2016-09-07,20160907,7,9,September,3,2016,36
2016-09-08,20160908,8,9,September,3,2016,36
2016-09-09,20160909,9,9,September,3,2016,36
2016-09-10,20160910,10,9,September,3,2016,36
2016-09-11,20160911,11,9,September,3,2016,36
2016-09-12,20160912,12,9,September,3,2016,37
2016-09-13,20160913,13,9,September,3,2016,37
2016-09-14,20160914,14,9,September,3,2016,37
2016-09-15,20160915,15,9,September,3,2016,37
2016-09-16,20160916,16,9,September,3,2016,37
2016-09-17,20160917,17,9,September,3,2016,37
2016-09-18,20160918,18,9,September,3,2016,37
2016-09-19,20160919,19,9,September,3,2016,38
2016-09-20,20160920,20,9,September,3,2016,38
2016-09-21,20160921,21,9,September,3,2016,38
2016-09-22,20160922,22,9,September,3,2016,38
2016-09-23,20160923,23,9,September,3,2016,38
2016-09-24,20160924,24,9,September,3,2016,38
2016-09-25,20160925,25,9,September,3,2016,38
2016-09-26,20160926,26,9,September,3,2016,39
2016-09-27,20160927,27,9,September,3,2016,39
2016-09-28,20160928,28,9,September,3,2016,39
2016-09-29,20160929,29,9,September,3,2016,39
2016-09-30,20160930,30,9,September,3,2016,39
2016-10-01,20161001,1,10,October,4,2016,39
2016-10-02,20161002,2,10,October,4,2016,39
2016-10-03,20161003,3,10,October,4,2016,40
2016-10-04,20161004,4,10,October,4,2016,40
2016-10-05,20161005,5,10,October,4,2016,40
2016-10-06,20161006,6,10,October,4,2016,40
2016-10-07,20161007,7,10,October,4,2016,40
2016-10-08,20161008,8,10,October,4,2016,40
2016-10-09,20161009,9,10,October,4,2016,40
2016-10-10,20161010,10,10,October,4,2016,41
2016-10-11,20161011,11,10,October,4,2016,41
2016-10-12,20161012,12,10,October,4,2016,41
2016-10-13,20161013,13,10,October,4,2016,41
2016-10-14,20161014,14,10,October,4,2016,41
2016-10-15,20161015,15,10,October,4,2016,41
2016-10-16,20161016,16,10,October,4,2016,41
2016-10-17,20161017,17,10,October,4,2016,42
2016-10-18,20161018,18,10,October,4,2016,42
2016-10-19,20161019,19,10,October,4,2016,42
2016-10-20,20161020,20,10,October,4,2016,42
2016-10-21,20161021,21,10,October,4,2016,42
2016-10-22,20161022,22,10,October,4,2016,42
2016-10-23,20161023,23,10,October,4,2016,42
2016-10-24,20161024,24,10,October,4,2016,43
2016-10-25,20161025,25,10,October,4,2016,43
2016-10-26,20161026,26,10,October,4,2016,43
2016-10-27,20161027,27,10,October,4,2016,43
2016-10-28,20161028,28,10,October,4,2016,43
2016-10-29,20161029,29,10,October,4,2016,43
2016-10-30,20161030,30,10,October,4,2016,43
2016-10-31,20161031,31,10,October,4,2016,44
2016-11-01,20161101,1,11,November,4,2016,44
2016-11-02,20161102,2,11,November,4,2016,44
2016-11-03,20161103,3,11,November,4,2016,44
2016-11-04,20161104,4,11,November,4,2016,44
2016-11-05,20161105,5,11,November,4,2016,44
2016-11-06,20161106,6,11,November,4,2016,44
2016-11-07,20161107,7,11,November,4,2016,45
2016-11-08,20161108,8,11,November,4,2016,45
2016-11-09,20161109,9,11,November,4,2016,45
2016-11-10,20161110,10,11,November,4,2016,45
2016-11-11,20161111,11,11,November,4,2016,45
2016-11-12,20161112,12,11,November,4,2016,45
2016-11-13,20161113,13,11,November,4,2016,45
2016-11-14,20161114,14,11,November,4,2016,46
2016-11-15,20161115,15,11,November,4,2016,46
2016-11-16,20161116,16,11,November,4,2016,46
2016-11-17,20161117,17,11,November,4,2016,46
2016-11-18,20161118,18,11,November,4,2016,46
2016-11-19,20161119,19,11,November,4,2016,46
2016-11-20,20161120,20,11,November,4,2016,46
2016-11-21,20161121,21,11,November,4,2016,47
2016-11-22,20161122,22,11,November,4,2016,47
2016-11-23,20161123,23,11,November,4,2016,47
2016-11-24,20161124,24,11,November,4,2016,47
2016-11-25,20161125,25,11,November,4,2016,47
2016-11-26,20161126,26,11,November,4,2016,47
2016-11-27,20161127,27,11,November,4,2016,47
2016-11-28,20161128,28,11,November,4,2016,48
2016-11-29,20161129,29,11,November,4,2016,48
2016-11-30,20161130,30,11,November,4,2016,48
2016-12-01,20161201,1,12,December,4,2016,48
2016-12-02,20161202,2,12,December,4,2016,48
2016-12-03,20161203,3,12,December,4,2016,48
2016-12-04,20161204,4,12,December,4,2016,48
2016-12-05,20161205,5,12,December,4,2016,49
2016-12-06,20161206,6,12,December,4,2016,49
2016-12-07,20161207,7,12,December,4,2016,49
2016-12-08,20161208,8,12,December,4,2016,49
2016-12-09,20161209,9,12,December,4,2016,49
2016-12-10,20161210,10,12,December,4,2016,49
2016-12-11,20161211,11,12,December,4,2016,49
2016-12-12,20161212,12,12,December,4,2016,50
2016-12-13,20161213,13,12,December,4,2016,50
2016-12-14,20161214,14,12,December,4,2016,50
2016-12-15,20161215,15,12,December,4,2016,50
2016-12-16,20161216,16,12,December,4,2016,50
2016-12-17,20161217,17,12,December,4,2016,50
2016-12-18,20161218,18,12,December,4,2016,50
2016-12-19,20161219,19,12,December,4,2016,51
2016-12-20,20161220,20,12,December,4,2016,51
2016-12-21,20161221,21,12,December,4,2016,51
2016-12-22,20161222,22,12,December,4,2016,51
2016-12-23,20161223,23,12,December,4,2016,51
2016-12-24,20161224,24,12,December,4,2016,51
2016-12-25,20161225,25,12,December,4,2016,51
2016-12-26,20161226,26,12,December,4,2016,52
2016-12-27,20161227,27,12,December,4,2016,52
2016-12-28,20161228,28,12,December,4,2016,52
2016-12-29,20161229,29,12,December,4,2016,52
2016-12-30,20161230,30,12,December,4,2016,52
2016-12-31,20161231,31,12,December,4,2016,52
2017-01-01,20170101,1,1,January,1,2017,52
2017-01-02,20170102,2,1,January,1,2017,1
2017-01-03,20170103,3,1,January,1,2017,1
2017-01-04,20170104,4,1,January,1,2017,1
2017-01-05,20170105,5,1,January,1,2017,1
2017-01-06,20170106,6,1,January,1,2017,1
2017-01-07,20170107,7,1,January,1,2017,1
2017-01-08,20170108,8,1,January,1,2017,1
2017-01-09,20170109,9,1,January,1,2017,2
2017-01-10,20170110,10,1,January,1,2017,2
2017-01-11,20170111,11,1,January,1,2017,2
2017-01-12,20170112,12,1,January,1,2017,2
2017-01-13,20170113,13,1,January,1,2017,2
2017-01-14,20170114,14,1,January,1,2017,2
2017-01-15,20170115,15,1,January,1,2017,2
2017-01-16,20170116,16,1,January,1,2017,3
2017-01-17,20170117,17,1,January,1,2017,3
2017-01-18,20170118,18,1,January,1,2017,3
2017-01-19,20170119,19,1,January,1,2017,3
2017-01-20,20170120,20,1,January,1,2017,3
2017-01-21,20170121,21,1,January,1,2017,3
2017-01-22,20170122,22,1,January,1,2017,3
2017-01-23,20170123,23,1,January,1,2017,4
2017-01-24,20170124,24,1,January,1,2017,4
2017-01-25,20170125,25,1,January,1,2017,4
2017-01-26,20170126,26,1,January,1,2017,4
2017-01-27,20170127,27,1,January,1,2017,4
2017-01-28,20170128,28,1,January,1,2017,4
2017-01-29,20170129,29,1,January,1,2017,4
2017-01-30,20170130,30,1,January,1,2017,5
2017-01-31,20170131,31,1,January,1,2017,5
2017-02-01,20170201,1,2,February,1,2017,5
2017-02-02,20170202,2,2,February,1,2017,5
2017-02-03,20170203,3,2,February,1,2017,5
2017-02-04,20170204,4,2,February,1,2017,5
2017-02-05,20170205,5,2,February,1,2017,5
2017-02-06,20170206,6,2,February,1,2017,6
2017-02-07,20170207,7,2,February,1,2017,6
2017-02-08,20170208,8,2,February,1,2017,6
2017-02-09,20170209,9,2,February,1,2017,6
2017-02-10,20170210,10,2,February,1,2017,6
2017-02-11,20170211,11,2,February,1,2017,6
2017-02-12,20170212,12,2,February,1,2017,6
2017-02-13,20170213,13,2,February,1,2017,7
2017-02-14,20170214,14,2,February,1,2017,7
2017-02-15,20170215,15,2,February,1,2017,7
2017-02-16,20170216,16,2,February,1,2017,7
2017-02-17,20170217,17,2,February,1,2017,7
2017-02-18,20170218,18,2,February,1,2017,7
2017-02-19,20170219,19,2,February,1,2017,7
2017-02-20,20170220,20,2,February,1,2017,8
2017-02-21,20170221,21,2,February,1,2017,8
2017-02-22,20170222,22,2,February,1,2017,8
2017-02-23,20170223,23,2,February,1,2017,8
2017-02-24,20170224,24,2,February,1,2017,8
2017-02-25,20170225,25,2,February,1,2017,8
2017-02-26,20170226,26,2,February,1,2017,8
2017-02-27,20170227,27,2,February,1,2017,9
2017-02-28,20170228,28,2,February,1,2017,9
2017-03-01,20170301,1,3,March,1,2017,9
2017-03-02,20170302,2,3,March,1,2017,9
2017-03-03,20170303,3,3,March,1,2017,9
2017-03-04,20170304,4,3,March,1,2017,9
2017-03-05,20170305,5,3,March,1,2017,9
2017-03-06,20170306,6,3,March,1,2017,10
2017-03-07,20170307,7,3,March,1,2017,10
2017-03-08,20170308,8,3,March,1,2017,10
2017-03-09,20170309,9,3,March,1,2017,10
2017-03-10,20170310,10,3,March,1,2017,10
2017-03-11,20170311,11,3,March,1,2017,10
2017-03-12,20170312,12,3,March,1,2017,10
2017-03-13,20170313,13,3,March,1,2017,11
2017-03-14,20170314,14,3,March,1,2017,11
2017-03-15,20170315,15,3,March,1,2017,11
2017-03-16,20170316,16,3,March,1,2017,11
2017-03-17,20170317,17,3,March,1,2017,11
2017-03-18,20170318,18,3,March,1,2017,11
2017-03-19,20170319,19,3,March,1,2017,11
2017-03-20,20170320,20,3,March,1,2017,12
2017-03-21,20170321,21,3,March,1,2017,12
2017-03-22,20170322,22,3,March,1,2017,12
2017-03-23,20170323,23,3,March,1,2017,12
2017-03-24,20170324,24,3,March,1,2017,12
2017-03-25,20170325,25,3,March,1,2017,12
2017-03-26,20170326,26,3,March,1,2017,12
2017-03-27,20170327,27,3,March,1,2017,13
2017-03-28,20170328,28,3,March,1,2017,13
2017-03-29,20170329,29,3,March,1,2017,13
2017-03-30,20170330,30,3,March,1,2017,13
2017-03-31,20170331,31,3,March,1,2017,13
2017-04-01,20170401,1,4,April,2,2017,13
2017-04-02,20170402,2,4,April,2,2017,13
2017-04-03,20170403,3,4,April,2,2017,14
2017-04-04,20170404,4,4,April,2,2017,14
2017-04-05,20170405,5,4,April,2,2017,14
2017-04-06,20170406,6,4,April,2,2017,14
2017-04-07,20170407,7,4,April,2,2017,14
2017-04-08,20170408,8,4,April,2,2017,14
2017-04-09,20170409,9,4,April,2,2017,14
2017-04-10,20170410,10,4,April,2,2017,15
2017-04-11,20170411,11,4,April,2,2017,15
2017-04-12,20170412,12,4,April,2,2017,15
2017-04-13,20170413,13,4,April,2,2017,15
2017-04-14,20170414,14,4,April,2,2017,15
2017-04-15,20170415,15,4,April,2,2017,15
2017-04-16,20170416,16,4,April,2,2017,15
2017-04-17,20170417,17,4,April,2,2017,16
2017-04-18,20170418,18,4,April,2,2017,16
2017-04-19,20170419,19,4,April,2,2017,16
2017-04-20,20170420,20,4,April,2,2017,16
2017-04-21,20170421,21,4,April,2,2017,16
2017-04-22,20170422,22,4,April,2,2017,16
2017-04-23,20170423,23,4,April,2,2017,16
2017-04-24,20170424,24,4,April,2,2017,17
2017-04-25,20170425,25,4,April,2,2017,17
2017-04-26,20170426,26,4,April,2,2017,17
2017-04-27,20170427,27,4,April,2,2017,17
2017-04-28,20170428,28,4,April,2,2017,17
2017-04-29,20170429,29,4,April,2,2017,17
2017-04-30,20170430,30,4,April,2,2017,17
2017-05-01,20170501,1,5,May,2,2017,18
2017-05-02,20170502,2,5,May,2,2017,18
2017-05-03,20170503,3,5,May,2,2017,18
2017-05-04,20170504,4,5,May,2,2017,18
2017-05-05,20170505,5,5,May,2,2017,18
2017-05-06,20170506,6,5,May,2,2017,18
2017-05-07,20170507,7,5,May,2,2017,18
2017-05-08,20170508,8,5,May,2,2017,19
2017-05-09,20170509,9,5,May,2,2017,19
2017-05-10,20170510,10,5,May,2,2017,19
2017-05-11,20170511,11,5,May,2,2017,19
2017-05-12,20170512,12,5,May,2,2017,19
2017-05-13,20170513,13,5,May,2,2017,19
2017-05-14,20170514,14,5,May,2,2017,19
2017-05-15,20170515,15,5,May,2,2017,20
2017-05-16,20170516,16,5,May,2,2017,20
2017-05-17,20170517,17,5,May,2,2017,20
2017-05-18,20170518,18,5,May,2,2017,20
2017-05-19,20170519,19,5,May,2,2017,20
2017-05-20,20170520,20,5,May,2,2017,20
2017-05-21,20170521,21,5,May,2,2017,20
2017-05-22,20170522,22,5,May,2,2017,21
2017-05-23,20170523,23,5,May,2,2017,21
2017-05-24,20170524,24,5,May,2,2017,21
2017-05-25,20170525,25,5,May,2,2017,21
2017-05-26,20170526,26,5,May,2,2017,21
2017-05-27,20170527,27,5,May,2,2017,21
2017-05-28,20170528,28,5,May,2,2017,21
2017-05-29,20170529,29,5,May,2,2017,22
2017-05-30,20170530,30,5,May,2,2017,22
2017-05-31,20170531,31,5,May,2,2017,22
2017-06-01,20170601,1,6,June,2,2017,22
2017-06-02,20170602,2,6,June,2,2017,22
2017-06-03,20170603,3,6,June,2,2017,22
2017-06-04,20170604,4,6,June,2,2017,22
2017-06-05,20170605,5,6,June,2,2017,23
2017-06-06,20170606,6,6,June,2,2017,23
2017-06-07,20170607,7,6,June,2,2017,23
2017-06-08,20170608,8,6,June,2,2017,23
2017-06-09,20170609,9,6,June,2,2017,23
2017-06-10,20170610,10,6,June,2,2017,23
2017-06-11,20170611,11,6,June,2,2017,23
2017-06-12,20170612,12,6,June,2,2017,24
2017-06-13,20170613,13,6,June,2,2017,24
2017-06-14,20170614,14,6,June,2,2017,24
2017-06-15,20170615,15,6,June,2,2017,24
2017-06-16,20170616,16,6,June,2,2017,24
2017-06-17,20170617,17,6,June,2,2017,24
2017-06-18,20170618,18,6,June,2,2017,24
2017-06-19,20170619,19,6,June,2,2017,25
2017-06-20,20170620,20,6,June,2,2017,25
2017-06-21,20170621,21,6,June,2,2017,25
2017-06-22,20170622,22,6,June,2,2017,25
2017-06-23,20170623,23,6,June,2,2017,25
2017-06-24,20170624,24,6,June,2,2017,25
2017-06-25,20170625,25,6,June,2,2017,25
2017-06-26,20170626,26,6,June,2,2017,26
2017-06-27,20170627,27,6,June,2,2017,26
2017-06-28,20170628,28,6,June,2,2017,26
2017-06-29,20170629,29,6,June,2,2017,26
2017-06-30,20170630,30,6,June,2,2017,26
2017-07-01,20170701,1,7,July,3,2017,26
2017-07-02,20170702,2,7,July,3,2017,26
2017-07-03,20170703,3,7,July,3,2017,27
2017-07-04,20170704,4,7,July,3,2017,27
2017-07-05,20170705,5,7,July,3,2017,27
2017-07-06,20170706,6,7,July,3,2017,27
2017-07-07,20170707,7,7,July,3,2017,27
2017-07-08,20170708,8,7,July,3,2017,27
2017-07-09,20170709,9,7,July,3,2017,27
2017-07-10,20170710,10,7,July,3,2017,28
2017-07-11,20170711,11,7,July,3,2017,28
2017-07-12,20170712,12,7,July,3,2017,28
2017-07-13,20170713,13,7,July,3,2017,28
2017-07-14,20170714,14,7,July,3,2017,28
2017-07-15,20170715,15,7,July,3,2017,28
2017-07-16,20170716,16,7,July,3,2017,28
2017-07-17,20170717,17,7,July,3,2017,29
2017-07-18,20170718,18,7,July,3,2017,29
2017-07-19,20170719,19,7,July,3,2017,29
2017-07-20,20170720,20,7,July,3,2017,29
2017-07-21,20170721,21,7,July,3,2017,29
2017-07-22,20170722,22,7,July,3,2017,29
2017-07-23,20170723,23,7,July,3,2017,29
2017-07-24,20170724,24,7,July,3,2017,30
2017-07-25,20170725,25,7,July,3,2017,30
2017-07-26,20170726,26,7,July,3,2017,30
2017-07-27,20170727,27,7,July,3,2017,30
2017-07-28,20170728,28,7,July,3,2017,30
2017-07-29,20170729,29,7,July,3,2017,30
2017-07-30,20170730,30,7,July,3,2017,30
2017-07-31,20170731,31,7,July,3,2017,31
2017-08-01,20170801,1,8,August,3,2017,31
2017-08-02,20170802,2,8,August,3,2017,31
2017-08-03,20170803,3,8,August,3,2017,31
2017-08-04,20170804,4,8,August,3,2017,31
2017-08-05,20170805,5,8,August,3,2017,31
2017-08-06,20170806,6,8,August,3,2017,31
2017-08-07,20170807,7,8,August,3,2017,32
2017-08-08,20170808,8,8,August,3,2017,32
2017-08-09,20170809,9,8,August,3,2017,32
2017-08-10,20170810,10,8,August,3,2017,32
2017-08-11,20170811,11,8,August,3,2017,32
2017-08-12,20170812,12,8,August,3,2017,32
2017-08-13,20170813,13,8,August,3,2017,32
2017-08-14,20170814,14,8,August,3,2017,33
2017-08-15,20170815,15,8,August,3,2017,33
2017-08-16,20170816,16,8,August,3,2017,33
2017-08-17,20170817,17,8,August,3,2017,33
2017-08-18,20170818,18,8,August,3,2017,33
2017-08-19,20170819,19,8,August,3,2017,33
2017-08-20,20170820,20,8,August,3,2017,33
2017-08-21,20170821,21,8,August,3,2017,34
2017-08-22,20170822,22,8,August,3,2017,34
2017-08-23,20170823,23,8,August,3,2017,34
2017-08-24,20170824,24,8,August,3,2017,34
2017-08-25,20170825,25,8,August,3,2017,34
2017-08-26,20170826,26,8,August,3,2017,34
2017-08-27,20170827,27,8,August,3,2017,34
2017-08-28,20170828,28,8,August,3,2017,35
2017-08-29,20170829,29,8,August,3,2017,35
2017-08-30,20170830,30,8,August,3,2017,35
2017-08-31,20170831,31,8,August,3,2017,35
2017-09-01,20170901,1,9,September,3,2017,35
2017-09-02,20170902,2,9,September,3,2017,35
2017-09-03,20170903,3,9,September,3,2017,35
2017-09-04,20170904,4,9,September,3,2017,36
2017-09-05,20170905,5,9,September,3,2017,36
2017-09-06,20170906,6,9,September,3,2017,36
2017-09-07,20170907,7,9,September,3,2017,36
2017-09-08,20170908,8,9,September,3,2017,36
2017-09-09,20170909,9,9,September,3,2017,36
2017-09-10,20170910,10,9,September,3,2017,36
2017-09-11,20170911,11,9,September,3,2017,37
2017-09-12,20170912,12,9,September,3,2017,37
2017-09-13,20170913,13,9,September,3,2017,37
2017-09-14,20170914,14,9,September,3,2017,37
2017-09-15,20170915,15,9,September,3,2017,37
2017-09-16,20170916,16,9,September,3,2017,37
2017-09-17,20170917,17,9,September,3,2017,37
2017-09-18,20170918,18,9,September,3,2017,38
2017-09-19,20170919,19,9,September,3,2017,38
2017-09-20,20170920,20,9,September,3,2017,38
2017-09-21,20170921,21,9,September,3,2017,38
2017-09-22,20170922,22,9,September,3,2017,38
2017-09-23,20170923,23,9,September,3,2017,38
2017-09-24,20170924,24,9,September,3,2017,38
2017-09-25,20170925,25,9,September,3,2017,39
2017-09-26,20170926,26,9,September,3,2017,39
2017-09-27,20170927,27,9,September,3,2017,39
2017-09-28,20170928,28,9,September,3,2017,39
2017-09-29,20170929,29,9,September,3,2017,39
2017-09-30,20170930,30,9,September,3,2017,39
2017-10-01,20171001,1,10,October,4,2017,39
2017-10-02,20171002,2,10,October,4,2017,40
2017-10-03,20171003,3,10,October,4,2017,40
2017-10-04,20171004,4,10,October,4,2017,40
2017-10-05,20171005,5,10,October,4,2017,40
2017-10-06,20171006,6,10,October,4,2017,40
2017-10-07,20171007,7,10,October,4,2017,40
2017-10-08,20171008,8,10,October,4,2017,40
2017-10-09,20171009,9,10,October,4,2017,41
2017-10-10,20171010,10,10,October,4,2017,41
2017-10-11,20171011,11,10,October,4,2017,41
2017-10-12,20171012,12,10,October,4,2017,41
2017-10-13,20171013,13,10,October,4,2017,41
2017-10-14,20171014,14,10,October,4,2017,41
2017-10-15,20171015,15,10,October,4,2017,41
2017-10-16,20171016,16,10,October,4,2017,42
2017-10-17,20171017,17,10,October,4,2017,42
2017-10-18,20171018,18,10,October,4,2017,42
2017-10-19,20171019,19,10,October,4,2017,42
2017-10-20,20171020,20,10,October,4,2017,42
2017-10-21,20171021,21,10,October,4,2017,42
2017-10-22,20171022,22,10,October,4,2017,42
2017-10-23,20171023,23,10,October,4,2017,43
2017-10-24,20171024,24,10,October,4,2017,43
2017-10-25,20171025,25,10,October,4,2017,43
2017-10-26,20171026,26,10,October,4,2017,43
2017-10-27,20171027,27,10,October,4,2017,43
2017-10-28,20171028,28,10,October,4,2017,43
2017-10-29,20171029,29,10,October,4,2017,43
2017-10-30,20171030,30,10,October,4,2017,44
2017-10-31,20171031,31,10,October,4,2017,44
2017-11-01,20171101,1,11,November,4,2017,44
2017-11-02,20171102,2,11,November,4,2017,44
2017-11-03,20171103,3,11,November,4,2017,44
2017-11-04,20171104,4,11,November,4,2017,44
2017-11-05,20171105,5,11,November,4,2017,44
2017-11-06,20171106,6,11,November,4,2017,45
2017-11-07,20171107,7,11,November,4,2017,45
2017-11-08,20171108,8,11,November,4,2017,45
2017-11-09,20171109,9,11,November,4,2017,45
2017-11-10,20171110,10,11,November,4,2017,45
2017-11-11,20171111,11,11,November,4,2017,45
2017-11-12,20171112,12,11,November,4,2017,45
2017-11-13,20171113,13,11,November,4,2017,46
2017-11-14,20171114,14,11,November,4,2017,46
2017-11-15,20171115,15,11,November,4,2017,46
2017-11-16,20171116,16,11,November,4,2017,46
2017-11-17,20171117,17,11,November,4,2017,46
2017-11-18,20171118,18,11,November,4,2017,46
2017-11-19,20171119,19,11,November,4,2017,46
2017-11-20,20171120,20,11,November,4,2017,47
2017-11-21,20171121,21,11,November,4,2017,47
2017-11-22,20171122,22,11,November,4,2017,47
2017-11-23,20171123,23,11,November,4,2017,47
2017-11-24,20171124,24,11,November,4,2017,47
2017-11-25,20171125,25,11,November,4,2017,47
2017-11-26,20171126,26,11,November,4,2017,47
2017-11-27,20171127,27,11,November,4,2017,48
2017-11-28,20171128,28,11,November,4,2017,48
2017-11-29,20171129,29,11,November,4,2017,48
2017-11-30,20171130,30,11,November,4,2017,48
2017-12-01,20171201,1,12,December,4,2017,48
2017-12-02,20171202,2,12,December,4,2017,48
2017-12-03,20171203,3,12,December,4,2017,48
2017-12-04,20171204,4,12,December,4,2017,49
2017-12-05,20171205,5,12,December,4,2017,49
2017-12-06,20171206,6,12,December,4,2017,49
2017-12-07,20171207,7,12,December,4,2017,49
2017-12-08,20171208,8,12,December,4,2017,49
2017-12-09,20171209,9,12,December,4,2017,49
2017-12-10,20171210,10,12,December,4,2017,49
2017-12-11,20171211,11,12,December,4,2017,50
2017-12-12,20171212,12,12,December,4,2017,50
2017-12-13,20171213,13,12,December,4,2017,50
2017-12-14,20171214,14,12,December,4,2017,50
2017-12-15,20171215,15,12,December,4,2017,50
2017-12-16,20171216,16,12,December,4,2017,50
2017-12-17,20171217,17,12,December,4,2017,50
2017-12-18,20171218,18,12,December,4,2017,51
2017-12-19,20171219,19,12,December,4,2017,51
2017-12-20,20171220,20,12,December,4,2017,51
2017-12-21,20171221,21,12,December,4,2017,51
2017-12-22,20171222,22,12,December,4,2017,51
2017-12-23,20171223,23,12,December,4,2017,51
2017-12-24,20171224,24,12,December,4,2017,51
2017-12-25,20171225,25,12,December,4,2017,52
2017-12-26,20171226,26,12,December,4,2017,52
2017-12-27,20171227,27,12,December,4,2017,52
2017-12-28,20171228,28,12,December,4,2017,52
2017-12-29,20171229,29,12,December,4,2017,52
2017-12-30,20171230,30,12,December,4,2017,52
2017-12-31,20171231,31,12,December,4,2017,52
2018-01-01,20180101,1,1,January,1,2018,1
2018-01-02,20180102,2,1,January,1,2018,1
2018-01-03,20180103,3,1,January,1,2018,1
2018-01-04,20180104,4,1,January,1,2018,1
2018-01-05,20180105,5,1,January,1,2018,1
